project_id,title,status,project_link,candidate_image_url,local_path,note
332,120W Induction Cooktop,error,https://www.instructables.com/120W-Induction-Cooktop/,,,page status 404
333,Acoustic visualisation,skipped,,,,no instructables project_link
334,1 MHz Morse-Code Radio-Telegraph Transmitter,downloaded,https://www.instructables.com/Build-a-1-MHz-Morse-Code-Radio-Telegraph-Transmitt/,https://www.instructables.com/Build-a-1-MHz-Morse-Code-Radio-Telegraph-Transmitt/#step8,data/media/1-mhz-morse-code-radio-telegraph-transmitter/1-mhz-morse-code-radio-telegraph-transmitter-01-b28e5406.jpg,score=30
334,1 MHz Morse-Code Radio-Telegraph Transmitter,downloaded,https://www.instructables.com/Build-a-1-MHz-Morse-Code-Radio-Telegraph-Transmitt/,https://www.instructables.com/Build-a-1-MHz-Morse-Code-Radio-Telegraph-Transmitt/#step7,data/media/1-mhz-morse-code-radio-telegraph-transmitter/1-mhz-morse-code-radio-telegraph-transmitter-02-ff3870ee.jpg,score=30
334,1 MHz Morse-Code Radio-Telegraph Transmitter,downloaded,https://www.instructables.com/Build-a-1-MHz-Morse-Code-Radio-Telegraph-Transmitt/,https://www.instructables.com/Build-a-1-MHz-Morse-Code-Radio-Telegraph-Transmitt/#step6,data/media/1-mhz-morse-code-radio-telegraph-transmitter/1-mhz-morse-code-radio-telegraph-transmitter-03-3e9cb11f.jpg,score=30
335,Archimedean screw to power,skipped,,,,no instructables project_link
336,Audio Filter,downloaded,https://www.instructables.com/Audio-Filter/,https://www.instructables.com/Audio-Filter/#step3,data/media/audio-filter/audio-filter-01-5b627e08.jpg,score=12
336,Audio Filter,downloaded,https://www.instructables.com/Audio-Filter/,https://www.instructables.com/Audio-Filter/#step2,data/media/audio-filter/audio-filter-02-dab1e4ea.jpg,score=12
336,Audio Filter,downloaded,https://www.instructables.com/Audio-Filter/,https://www.instructables.com/Audio-Filter/#step1,data/media/audio-filter/audio-filter-03-8c107903.jpg,score=12
337,Automatic Gearbox,downloaded,https://www.instructables.com/Automatic-Gearbox/,https://www.instructables.com/Automatic-Gearbox/#step7,data/media/automatic-gearbox/automatic-gearbox-01-132f55a4.jpg,score=12
337,Automatic Gearbox,downloaded,https://www.instructables.com/Automatic-Gearbox/,https://www.instructables.com/Automatic-Gearbox/#step6,data/media/automatic-gearbox/automatic-gearbox-02-cc73a13c.jpg,score=12
337,Automatic Gearbox,downloaded,https://www.instructables.com/Automatic-Gearbox/,https://www.instructables.com/Automatic-Gearbox/#step5,data/media/automatic-gearbox/automatic-gearbox-03-bb08de62.jpg,score=12
338,Bipolar Magnetic Safety System,downloaded,https://www.instructables.com/The-Bipolar-Magnetic-Safety-System/,https://www.instructables.com/The-Bipolar-Magnetic-Safety-System/#step7,data/media/bipolar-magnetic-safety-system/bipolar-magnetic-safety-system-01-561aa4f1.jpg,score=24
338,Bipolar Magnetic Safety System,downloaded,https://www.instructables.com/The-Bipolar-Magnetic-Safety-System/,https://www.instructables.com/The-Bipolar-Magnetic-Safety-System/#step6,data/media/bipolar-magnetic-safety-system/bipolar-magnetic-safety-system-02-158faa9a.jpg,score=24
338,Bipolar Magnetic Safety System,downloaded,https://www.instructables.com/The-Bipolar-Magnetic-Safety-System/,https://www.instructables.com/The-Bipolar-Magnetic-Safety-System/#step5,data/media/bipolar-magnetic-safety-system/bipolar-magnetic-safety-system-03-650d3208.jpg,score=24
339,Bubble breakpoint detector [Larger and Smaller version],skipped,,,,no instructables project_link
341,Buoyaninator,downloaded,https://www.instructables.com/Buoyaninator/,https://www.instructables.com/Buoyaninator/#step9,data/media/buoyaninator/buoyaninator-01-6d18c54d.jpg,score=106
341,Buoyaninator,downloaded,https://www.instructables.com/Buoyaninator/,https://www.instructables.com/Buoyaninator/#step8,data/media/buoyaninator/buoyaninator-02-7515b157.jpg,score=106
341,Buoyaninator,downloaded,https://www.instructables.com/Buoyaninator/,https://www.instructables.com/Buoyaninator/#step7,data/media/buoyaninator/buoyaninator-03-98ce0331.jpg,score=106
342,Cloud Chamber,downloaded,https://www.instructables.com/Cloud-Chamber-1/,https://www.instructables.com/Cloud-Chamber-1/#step5,data/media/cloud-chamber/cloud-chamber-01-b555eb96.jpg,score=12
342,Cloud Chamber,downloaded,https://www.instructables.com/Cloud-Chamber-1/,https://www.instructables.com/Cloud-Chamber-1/#step4,data/media/cloud-chamber/cloud-chamber-02-e7a52a20.jpg,score=12
342,Cloud Chamber,downloaded,https://www.instructables.com/Cloud-Chamber-1/,https://www.instructables.com/Cloud-Chamber-1/#step3,data/media/cloud-chamber/cloud-chamber-03-fd3565dd.jpg,score=12
343,Coilgun,downloaded,https://www.instructables.com/Coilgun-Eindproject-Def-Groepje-22/,https://www.instructables.com/Coilgun-Eindproject-Def-Groepje-22/#step5,data/media/coilgun/coilgun-01-27f77922.jpg,score=6
343,Coilgun,downloaded,https://www.instructables.com/Coilgun-Eindproject-Def-Groepje-22/,https://www.instructables.com/Coilgun-Eindproject-Def-Groepje-22/#step4,data/media/coilgun/coilgun-02-ad8f0839.jpg,score=6
343,Coilgun,downloaded,https://www.instructables.com/Coilgun-Eindproject-Def-Groepje-22/,https://www.instructables.com/Coilgun-Eindproject-Def-Groepje-22/#step3,data/media/coilgun/coilgun-03-cab57ab5.jpg,score=6
344,Combustion Pump,downloaded,https://www.instructables.com/Combustion-Pump/,https://www.instructables.com/Combustion-Pump/#step6,data/media/combustion-pump/combustion-pump-01-fe1899d7.jpg,score=12
344,Combustion Pump,downloaded,https://www.instructables.com/Combustion-Pump/,https://www.instructables.com/Combustion-Pump/#step5,data/media/combustion-pump/combustion-pump-02-9191b386.jpg,score=12
344,Combustion Pump,downloaded,https://www.instructables.com/Combustion-Pump/,https://www.instructables.com/Combustion-Pump/#step4,data/media/combustion-pump/combustion-pump-03-3473afe8.jpg,score=12
345,Conservation of Angular Momentum and Induced Voltage,no-match,https://www.instructables.com/Demonstatie-Opstelling-Behoud-Van-Impulsmoment-En-/,,,"19 candidates, none above threshold"
347,Cylinder Music Box + BLDC Motor,downloaded,https://www.instructables.com/BLDC-Motor-Die-Cilindermuziekdoosje-Automatiseert/,https://www.instructables.com/BLDC-Motor-Die-Cilindermuziekdoosje-Automatiseert/#step6,data/media/cylinder-music-box-bldc-motor/cylinder-music-box-bldc-motor-01-ef9023b8.jpg,score=12
347,Cylinder Music Box + BLDC Motor,downloaded,https://www.instructables.com/BLDC-Motor-Die-Cilindermuziekdoosje-Automatiseert/,https://www.instructables.com/BLDC-Motor-Die-Cilindermuziekdoosje-Automatiseert/#step5,data/media/cylinder-music-box-bldc-motor/cylinder-music-box-bldc-motor-02-efb2aea6.jpg,score=12
347,Cylinder Music Box + BLDC Motor,downloaded,https://www.instructables.com/BLDC-Motor-Die-Cilindermuziekdoosje-Automatiseert/,https://www.instructables.com/BLDC-Motor-Die-Cilindermuziekdoosje-Automatiseert/#step4,data/media/cylinder-music-box-bldc-motor/cylinder-music-box-bldc-motor-03-ff1dbf27.jpg,score=12
348,Dam Simulator,downloaded,https://www.instructables.com/Dam-Simulator/,https://www.instructables.com/Dam-Simulator/#step6,data/media/dam-simulator/dam-simulator-01-dc0565c1.jpg,score=12
348,Dam Simulator,downloaded,https://www.instructables.com/Dam-Simulator/,https://www.instructables.com/Dam-Simulator/#step5,data/media/dam-simulator/dam-simulator-02-4a2db4e7.jpg,score=12
348,Dam Simulator,downloaded,https://www.instructables.com/Dam-Simulator/,https://www.instructables.com/Dam-Simulator/#step4,data/media/dam-simulator/dam-simulator-03-29a1b4a8.jpg,score=12
349,Diamagnetic Boat in a Tub of Water,downloaded,https://www.instructables.com/Diamagnetische-Boot-in-Een-Bak-Met-Water/,https://www.instructables.com/Diamagnetische-Boot-in-Een-Bak-Met-Water/#step4,data/media/diamagnetic-boat-in-a-tub-of-water/diamagnetic-boat-in-a-tub-of-water-01-e5f41bfc.jpg,score=6
349,Diamagnetic Boat in a Tub of Water,downloaded,https://www.instructables.com/Diamagnetische-Boot-in-Een-Bak-Met-Water/,https://www.instructables.com/Diamagnetische-Boot-in-Een-Bak-Met-Water/#step3,data/media/diamagnetic-boat-in-a-tub-of-water/diamagnetic-boat-in-a-tub-of-water-02-43cd62dc.jpg,score=6
349,Diamagnetic Boat in a Tub of Water,downloaded,https://www.instructables.com/Diamagnetische-Boot-in-Een-Bak-Met-Water/,https://www.instructables.com/Diamagnetische-Boot-in-Een-Bak-Met-Water/#step2,data/media/diamagnetic-boat-in-a-tub-of-water/diamagnetic-boat-in-a-tub-of-water-03-50360dc6.jpg,score=6
350,Doppler Effect - Rotating Arm,downloaded,https://www.instructables.com/Doppler-demonstratie-Met-Behulp-Van-Rotatie/,https://www.instructables.com/Doppler-demonstratie-Met-Behulp-Van-Rotatie/#step6,data/media/doppler-effect-rotating-arm/doppler-effect-rotating-arm-01-ccf45e75.jpg,score=6
350,Doppler Effect - Rotating Arm,downloaded,https://www.instructables.com/Doppler-demonstratie-Met-Behulp-Van-Rotatie/,https://www.instructables.com/Doppler-demonstratie-Met-Behulp-Van-Rotatie/#step5,data/media/doppler-effect-rotating-arm/doppler-effect-rotating-arm-02-76e6e029.jpg,score=6
350,Doppler Effect - Rotating Arm,downloaded,https://www.instructables.com/Doppler-demonstratie-Met-Behulp-Van-Rotatie/,https://www.instructables.com/Doppler-demonstratie-Met-Behulp-Van-Rotatie/#step4,data/media/doppler-effect-rotating-arm/doppler-effect-rotating-arm-03-e1c0b509.jpg,score=6
351,Doppler Using Rotation,downloaded,https://www.instructables.com/Showing-the-Doppler-Effect-Using-a-Rotating-Arm/,https://www.instructables.com/Showing-the-Doppler-Effect-Using-a-Rotating-Arm/#step6,data/media/doppler-using-rotation/doppler-using-rotation-01-e9c0dfab.jpg,score=12
351,Doppler Using Rotation,downloaded,https://www.instructables.com/Showing-the-Doppler-Effect-Using-a-Rotating-Arm/,https://www.instructables.com/Showing-the-Doppler-Effect-Using-a-Rotating-Arm/#step5,data/media/doppler-using-rotation/doppler-using-rotation-02-d984b5bd.jpg,score=12
351,Doppler Using Rotation,downloaded,https://www.instructables.com/Showing-the-Doppler-Effect-Using-a-Rotating-Arm/,https://www.instructables.com/Showing-the-Doppler-Effect-Using-a-Rotating-Arm/#step4,data/media/doppler-using-rotation/doppler-using-rotation-03-f4338dcb.jpg,score=12
352,Double axis swing visualised with pen,skipped,,,,no instructables project_link
353,Double Pendulum,downloaded,https://www.instructables.com/De-Dubbele-Pendulum-Leren-Over-Chaotisch-Gedrag-Aa/,https://www.instructables.com/De-Dubbele-Pendulum-Leren-Over-Chaotisch-Gedrag-Aa/#step4,data/media/double-pendulum/double-pendulum-01-72ee1b3f.jpg,score=6
353,Double Pendulum,downloaded,https://www.instructables.com/De-Dubbele-Pendulum-Leren-Over-Chaotisch-Gedrag-Aa/,https://www.instructables.com/De-Dubbele-Pendulum-Leren-Over-Chaotisch-Gedrag-Aa/#step3,data/media/double-pendulum/double-pendulum-02-37dfb469.jpg,score=6
353,Double Pendulum,downloaded,https://www.instructables.com/De-Dubbele-Pendulum-Leren-Over-Chaotisch-Gedrag-Aa/,https://www.instructables.com/De-Dubbele-Pendulum-Leren-Over-Chaotisch-Gedrag-Aa/#step2,data/media/double-pendulum/double-pendulum-03-646408ac.jpg,score=6
354,Dynamo,skipped,,,,no instructables project_link
355,Eddy Current in a Model Car,downloaded,https://www.instructables.com/Eddy-Current-in-a-Model-Car/,https://www.instructables.com/Eddy-Current-in-a-Model-Car/#step6,data/media/eddy-current-in-a-model-car/eddy-current-in-a-model-car-01-ae240b37.jpg,score=24
355,Eddy Current in a Model Car,downloaded,https://www.instructables.com/Eddy-Current-in-a-Model-Car/,https://www.instructables.com/Eddy-Current-in-a-Model-Car/#step5,data/media/eddy-current-in-a-model-car/eddy-current-in-a-model-car-02-ac1e6e6d.jpg,score=24
355,Eddy Current in a Model Car,downloaded,https://www.instructables.com/Eddy-Current-in-a-Model-Car/,https://www.instructables.com/Eddy-Current-in-a-Model-Car/#step4,data/media/eddy-current-in-a-model-car/eddy-current-in-a-model-car-03-427fd735.jpg,score=24
356,Eddy Current: Free moving wheel,downloaded,https://www.instructables.com/Eddy-Current-Machine-Thingy/,https://www.instructables.com/Eddy-Current-Machine-Thingy/#step8,data/media/eddy-current-free-moving-wheel/eddy-current-free-moving-wheel-01-23a7d0ea.jpg,score=12
356,Eddy Current: Free moving wheel,downloaded,https://www.instructables.com/Eddy-Current-Machine-Thingy/,https://www.instructables.com/Eddy-Current-Machine-Thingy/#step7,data/media/eddy-current-free-moving-wheel/eddy-current-free-moving-wheel-02-360f4d1d.jpg,score=12
356,Eddy Current: Free moving wheel,downloaded,https://www.instructables.com/Eddy-Current-Machine-Thingy/,https://www.instructables.com/Eddy-Current-Machine-Thingy/#step6,data/media/eddy-current-free-moving-wheel/eddy-current-free-moving-wheel-03-44e672d4.jpg,score=12
357,Eddy's Crane,no-match,https://www.instructables.com/DEF-28-Eddys-Hijskraan/,,,"20 candidates, none above threshold"
358,Electric Guitar,skipped,,,,no instructables project_link
359,Electromotor,no-match,https://www.instructables.com/Elektromotor-Groepje-9-DEF-1/,,,"15 candidates, none above threshold"
360,Faraday's Law,downloaded,https://www.instructables.com/Aantoning-Van-De-Wet-Van-Faraday-Voor-VWO-6/,https://www.instructables.com/Aantoning-Van-De-Wet-Van-Faraday-Voor-VWO-6/#step8,data/media/faraday-s-law/faraday-s-law-01-80d2c1d9.jpg,score=6
360,Faraday's Law,downloaded,https://www.instructables.com/Aantoning-Van-De-Wet-Van-Faraday-Voor-VWO-6/,https://www.instructables.com/Aantoning-Van-De-Wet-Van-Faraday-Voor-VWO-6/#step7,data/media/faraday-s-law/faraday-s-law-02-16436a64.jpg,score=6
360,Faraday's Law,downloaded,https://www.instructables.com/Aantoning-Van-De-Wet-Van-Faraday-Voor-VWO-6/,https://www.instructables.com/Aantoning-Van-De-Wet-Van-Faraday-Voor-VWO-6/#step6,data/media/faraday-s-law/faraday-s-law-03-b4e7a39d.jpg,score=6
361,Flight simulator,skipped,,,,no instructables project_link
362,Gauss Cannon,downloaded,https://www.instructables.com/Gauss-Cannon/,https://www.instructables.com/Gauss-Cannon/#step9,data/media/gauss-cannon/gauss-cannon-01-a0c716a1.jpg,score=12
362,Gauss Cannon,downloaded,https://www.instructables.com/Gauss-Cannon/,https://www.instructables.com/Gauss-Cannon/#step8,data/media/gauss-cannon/gauss-cannon-02-27b1a3f0.jpg,score=12
362,Gauss Cannon,downloaded,https://www.instructables.com/Gauss-Cannon/,https://www.instructables.com/Gauss-Cannon/#step7,data/media/gauss-cannon/gauss-cannon-03-3029400d.jpg,score=12
363,Gear Box,no-match,https://www.instructables.com/DEF-Schakeldoos-Groep-26,,,"19 candidates, none above threshold"
364,Gear Setup,no-match,https://www.instructables.com/Versnelling-Opstelling/,,,"16 candidates, none above threshold"
365,"Height, Speed and Path visualiser",skipped,,,,no instructables project_link
366,High pressure rotation,skipped,,,,no instructables project_link
367,Hot Wheels Track,no-match,https://www.instructables.com/DEF-Groep-38-2025-Spoelhotwheelsbaan/,,,"19 candidates, none above threshold"
368,Humidity checker,skipped,,,,no instructables project_link
369,Magneetzweeftrein,downloaded,https://www.instructables.com/Magneetzweeftrein-DEF-Groepje-33/,https://www.instructables.com/Magneetzweeftrein-DEF-Groepje-33/#step6,data/media/magneetzweeftrein/magneetzweeftrein-01-25441244.jpg,score=6
369,Magneetzweeftrein,downloaded,https://www.instructables.com/Magneetzweeftrein-DEF-Groepje-33/,https://www.instructables.com/Magneetzweeftrein-DEF-Groepje-33/#step5,data/media/magneetzweeftrein/magneetzweeftrein-02-1643ca8f.jpg,score=6
369,Magneetzweeftrein,downloaded,https://www.instructables.com/Magneetzweeftrein-DEF-Groepje-33/,https://www.instructables.com/Magneetzweeftrein-DEF-Groepje-33/#step4,data/media/magneetzweeftrein/magneetzweeftrein-03-8f49986c.jpg,score=6
370,Induced currrent turns on light,skipped,https://www.youtube.com/watch?v=8vL--JVeuTM&t=29s,,,no instructables project_link
371,Induction Plate Using Permanent Magnets,downloaded,https://www.instructables.com/Induction-Plate-Using-Permanent-Magnets/,https://www.instructables.com/Induction-Plate-Using-Permanent-Magnets/#step4,data/media/induction-plate-using-permanent-magnets/induction-plate-using-permanent-magnets-01-4c5d4811.jpg,score=30
371,Induction Plate Using Permanent Magnets,downloaded,https://www.instructables.com/Induction-Plate-Using-Permanent-Magnets/,https://www.instructables.com/Induction-Plate-Using-Permanent-Magnets/#step3,data/media/induction-plate-using-permanent-magnets/induction-plate-using-permanent-magnets-02-1cc51966.jpg,score=30
371,Induction Plate Using Permanent Magnets,downloaded,https://www.instructables.com/Induction-Plate-Using-Permanent-Magnets/,https://www.instructables.com/Induction-Plate-Using-Permanent-Magnets/#step2,data/media/induction-plate-using-permanent-magnets/induction-plate-using-permanent-magnets-03-b859ac7b.jpg,score=30
372,Infrared Camera,downloaded,https://www.instructables.com/Infrarood-Camera/,https://www.instructables.com/Infrarood-Camera/#step7,data/media/infrared-camera/infrared-camera-01-e3e6b8ee.jpg,score=6
372,Infrared Camera,downloaded,https://www.instructables.com/Infrarood-Camera/,https://www.instructables.com/Infrarood-Camera/#step6,data/media/infrared-camera/infrared-camera-02-5b7cc18b.jpg,score=6
372,Infrared Camera,downloaded,https://www.instructables.com/Infrarood-Camera/,https://www.instructables.com/Infrarood-Camera/#step5,data/media/infrared-camera/infrared-camera-03-5e3304ef.jpg,score=6
373,Joystick,downloaded,https://www.instructables.com/Joystick-1/,https://www.instructables.com/Joystick-1/#step9,data/media/joystick/joystick-01-95dda3f4.jpg,score=106
373,Joystick,downloaded,https://www.instructables.com/Joystick-1/,https://www.instructables.com/Joystick-1/#step8,data/media/joystick/joystick-02-e920a28e.jpg,score=106
373,Joystick,downloaded,https://www.instructables.com/Joystick-1/,https://www.instructables.com/Joystick-1/#step7,data/media/joystick/joystick-03-520f52c9.jpg,score=106
374,Loudspeaker,no-match,https://www.instructables.com/DEF-Eindproject-Luidspreker/,,,"29 candidates, none above threshold"
375,Merry Go Round,skipped,,,,no instructables project_link
376,Metal Detector,skipped,,,,no instructables project_link
377,Music Box,downloaded,https://www.instructables.com/Muziekdoosje/,https://www.instructables.com/Muziekdoosje/#step4,data/media/music-box/music-box-01-c463b055.jpg,score=100
377,Music Box,downloaded,https://www.instructables.com/Muziekdoosje/,https://www.instructables.com/Muziekdoosje/#step3,data/media/music-box/music-box-02-d39eedf0.jpg,score=100
377,Music Box,downloaded,https://www.instructables.com/Muziekdoosje/,https://www.instructables.com/Muziekdoosje/#step2,data/media/music-box/music-box-03-534e6ad9.jpg,score=100
378,Not sure,skipped,,,,no instructables project_link
379,Pelton Turbine,no-match,https://www.instructables.com/Groep-37-Pelton-Turbine-Van-Potenti%C3%ABle-Energie-Naa-1/,,,"12 candidates, none above threshold"
380,Perpetual Motion (Cheat),no-match,https://www.instructables.com/Perpetuum-Mobile-Valsspel/,,,"18 candidates, none above threshold"
381,Photoelectric Effect Using 2 Copper Plates and a Moving Car,downloaded,https://www.instructables.com/Interactieve-Uitleg-Van-Het-Foto-elektrisch-Effect/,https://www.instructables.com/Interactieve-Uitleg-Van-Het-Foto-elektrisch-Effect/#step5,data/media/photoelectric-effect-using-2-copper-plates-and-a-moving-car/photoelectric-effect-using-2-copper-plates-and-a-moving-car-01-5a164913.jpg,score=6
381,Photoelectric Effect Using 2 Copper Plates and a Moving Car,downloaded,https://www.instructables.com/Interactieve-Uitleg-Van-Het-Foto-elektrisch-Effect/,https://www.instructables.com/Interactieve-Uitleg-Van-Het-Foto-elektrisch-Effect/#step4,data/media/photoelectric-effect-using-2-copper-plates-and-a-moving-car/photoelectric-effect-using-2-copper-plates-and-a-moving-car-02-d0aa38de.jpg,score=6
381,Photoelectric Effect Using 2 Copper Plates and a Moving Car,downloaded,https://www.instructables.com/Interactieve-Uitleg-Van-Het-Foto-elektrisch-Effect/,https://www.instructables.com/Interactieve-Uitleg-Van-Het-Foto-elektrisch-Effect/#step3,data/media/photoelectric-effect-using-2-copper-plates-and-a-moving-car/photoelectric-effect-using-2-copper-plates-and-a-moving-car-03-6594dd98.jpg,score=6
382,Photophone with Laser and Photodiode,downloaded,https://www.instructables.com/Fotofoon-Met-Laser-En-Fotodiode/,https://www.instructables.com/Fotofoon-Met-Laser-En-Fotodiode/#step4,data/media/photophone-with-laser-and-photodiode/photophone-with-laser-and-photodiode-01-5ca5c4f9.jpg,score=6
382,Photophone with Laser and Photodiode,downloaded,https://www.instructables.com/Fotofoon-Met-Laser-En-Fotodiode/,https://www.instructables.com/Fotofoon-Met-Laser-En-Fotodiode/#step3,data/media/photophone-with-laser-and-photodiode/photophone-with-laser-and-photodiode-02-e9b52089.jpg,score=6
382,Photophone with Laser and Photodiode,downloaded,https://www.instructables.com/Fotofoon-Met-Laser-En-Fotodiode/,https://www.instructables.com/Fotofoon-Met-Laser-En-Fotodiode/#step2,data/media/photophone-with-laser-and-photodiode/photophone-with-laser-and-photodiode-03-57c298f4.jpg,score=6
383,Piezo Electric Effect Demo,downloaded,https://www.instructables.com/Piezo-Electric-Effect-Demo/,https://www.instructables.com/Piezo-Electric-Effect-Demo/#step6,data/media/piezo-electric-effect-demo/piezo-electric-effect-demo-01-9d01b4d4.jpg,score=24
383,Piezo Electric Effect Demo,downloaded,https://www.instructables.com/Piezo-Electric-Effect-Demo/,https://www.instructables.com/Piezo-Electric-Effect-Demo/#step5,data/media/piezo-electric-effect-demo/piezo-electric-effect-demo-02-ec876080.jpg,score=24
383,Piezo Electric Effect Demo,downloaded,https://www.instructables.com/Piezo-Electric-Effect-Demo/,https://www.instructables.com/Piezo-Electric-Effect-Demo/#step4,data/media/piezo-electric-effect-demo/piezo-electric-effect-demo-03-4ff58a7a.jpg,score=24
384,Piezoelectric Effect Using Homemade Piezo Crystals,no-match,https://www.instructables.com/Aantonen-Van-Pi%C3%ABzo-elektrisch-Effect-Met-Zelfgemaa/,,,"13 candidates, none above threshold"
385,Pong Gauss Gun,skipped,,,,no instructables project_link
386,Pressure resistance with capaictors,skipped,,,,no instructables project_link
387,Propelled car,no-match,https://www.instructables.com/Instructable-DEF-Groep-43/,,,"18 candidates, none above threshold"
388,Pump it up!,skipped,,,,no instructables project_link
389,Quantum Eraser in Double Slit Experiment,downloaded,https://www.instructables.com/Quantum-Eraser-in-Dubbel-Spleet-Experiment/,https://www.instructables.com/Quantum-Eraser-in-Dubbel-Spleet-Experiment/#step5,data/media/quantum-eraser-in-double-slit-experiment/quantum-eraser-in-double-slit-experiment-01-1732a472.jpg,score=18
389,Quantum Eraser in Double Slit Experiment,downloaded,https://www.instructables.com/Quantum-Eraser-in-Dubbel-Spleet-Experiment/,https://www.instructables.com/Quantum-Eraser-in-Dubbel-Spleet-Experiment/#step4,data/media/quantum-eraser-in-double-slit-experiment/quantum-eraser-in-double-slit-experiment-02-79e0a078.jpg,score=18
389,Quantum Eraser in Double Slit Experiment,downloaded,https://www.instructables.com/Quantum-Eraser-in-Dubbel-Spleet-Experiment/,https://www.instructables.com/Quantum-Eraser-in-Dubbel-Spleet-Experiment/#step3,data/media/quantum-eraser-in-double-slit-experiment/quantum-eraser-in-double-slit-experiment-03-f2c1a4d9.jpg,score=18
390,Quantum Tunneling in Paraffin Wax,downloaded,https://www.instructables.com/Quantum-Tunnelingevanescent-Wave-Effect-in-Paraffi/,https://content.instructables.com/FVL/HYYO/LJ75NDN1/FVLHYYOLJ75NDN1.jpg?auto=webp&fit=bounds&frame=1&height=1024&width=1024,data/media/quantum-tunneling-in-paraffin-wax/quantum-tunneling-in-paraffin-wax-01-b3d5e38a.jpg,score=100
390,Quantum Tunneling in Paraffin Wax,downloaded,https://www.instructables.com/Quantum-Tunnelingevanescent-Wave-Effect-in-Paraffi/,https://www.instructables.com/Quantum-Tunnelingevanescent-Wave-Effect-in-Paraffi/#step7,data/media/quantum-tunneling-in-paraffin-wax/quantum-tunneling-in-paraffin-wax-02-8918f4fb.jpg,score=6
390,Quantum Tunneling in Paraffin Wax,downloaded,https://www.instructables.com/Quantum-Tunnelingevanescent-Wave-Effect-in-Paraffi/,https://www.instructables.com/Quantum-Tunnelingevanescent-Wave-Effect-in-Paraffi/#step6,data/media/quantum-tunneling-in-paraffin-wax/quantum-tunneling-in-paraffin-wax-03-a0391301.jpg,score=6
391,Radial Ventilator,downloaded,https://www.instructables.com/Ventilator-1/,https://www.instructables.com/Ventilator-1/#step5,data/media/radial-ventilator/radial-ventilator-01-f867f8a0.jpg,score=106
391,Radial Ventilator,downloaded,https://www.instructables.com/Ventilator-1/,https://www.instructables.com/Ventilator-1/#step4,data/media/radial-ventilator/radial-ventilator-02-51c3cd9c.jpg,score=106
391,Radial Ventilator,downloaded,https://www.instructables.com/Ventilator-1/,https://www.instructables.com/Ventilator-1/#step3,data/media/radial-ventilator/radial-ventilator-03-d51585ec.jpg,score=106
393,Railgun,downloaded,https://www.instructables.com/Railgun-Groepje-30/,https://www.instructables.com/Railgun-Groepje-30/#step5,data/media/railgun/railgun-01-67364c48.jpg,score=6
393,Railgun,downloaded,https://www.instructables.com/Railgun-Groepje-30/,https://www.instructables.com/Railgun-Groepje-30/#step4,data/media/railgun/railgun-02-365f5cfd.jpg,score=6
393,Railgun,downloaded,https://www.instructables.com/Railgun-Groepje-30/,https://www.instructables.com/Railgun-Groepje-30/#step3,data/media/railgun/railgun-03-27122c5a.jpg,score=6
395,Rotation Energy,no-match,https://www.instructables.com/Visualisatie-Rotatie-Energie/,,,"16 candidates, none above threshold"
396,Seebeck Effect Using Friction and Tap water,downloaded,https://www.instructables.com/Demonstrating-the-Seebeck-Effect-Using-Friction-an/,https://www.instructables.com/Demonstrating-the-Seebeck-Effect-Using-Friction-an/#step4,data/media/seebeck-effect-using-friction-and-tap-water/seebeck-effect-using-friction-and-tap-water-01-1ee43934.jpg,score=24
396,Seebeck Effect Using Friction and Tap water,downloaded,https://www.instructables.com/Demonstrating-the-Seebeck-Effect-Using-Friction-an/,https://www.instructables.com/Demonstrating-the-Seebeck-Effect-Using-Friction-an/#step3,data/media/seebeck-effect-using-friction-and-tap-water/seebeck-effect-using-friction-and-tap-water-02-511b4218.jpg,score=24
396,Seebeck Effect Using Friction and Tap water,downloaded,https://www.instructables.com/Demonstrating-the-Seebeck-Effect-Using-Friction-an/,https://www.instructables.com/Demonstrating-the-Seebeck-Effect-Using-Friction-an/#step2,data/media/seebeck-effect-using-friction-and-tap-water/seebeck-effect-using-friction-and-tap-water-03-736457c9.jpg,score=24
397,Seebeck Effect with a Thermocouple,downloaded,https://www.instructables.com/Demonstratie-Seebeck-Effect-Met-Een-Thermokoppel/,https://www.instructables.com/Demonstratie-Seebeck-Effect-Met-Een-Thermokoppel/#step4,data/media/seebeck-effect-with-a-thermocouple/seebeck-effect-with-a-thermocouple-01-7432a6f9.jpg,score=12
397,Seebeck Effect with a Thermocouple,downloaded,https://www.instructables.com/Demonstratie-Seebeck-Effect-Met-Een-Thermokoppel/,https://www.instructables.com/Demonstratie-Seebeck-Effect-Met-Een-Thermokoppel/#step3,data/media/seebeck-effect-with-a-thermocouple/seebeck-effect-with-a-thermocouple-02-cbbfac68.jpg,score=12
397,Seebeck Effect with a Thermocouple,downloaded,https://www.instructables.com/Demonstratie-Seebeck-Effect-Met-Een-Thermokoppel/,https://www.instructables.com/Demonstratie-Seebeck-Effect-Met-Een-Thermokoppel/#step2,data/media/seebeck-effect-with-a-thermocouple/seebeck-effect-with-a-thermocouple-03-1278045d.jpg,score=12
398,Shake it up!,skipped,,,,no instructables project_link
399,Mechanical canon,skipped,,,,no instructables project_link
400,Smart solar pannel,skipped,,,,no instructables project_link
401,Spectrometer,downloaded,https://www.instructables.com/Spectrometer/,https://www.instructables.com/Spectrometer/#step4,data/media/spectrometer/spectrometer-01-59c1860e.jpg,score=6
401,Spectrometer,downloaded,https://www.instructables.com/Spectrometer/,https://www.instructables.com/Spectrometer/#step3,data/media/spectrometer/spectrometer-02-bd9ea47d.jpg,score=6
401,Spectrometer,downloaded,https://www.instructables.com/Spectrometer/,https://www.instructables.com/Spectrometer/#step2,data/media/spectrometer/spectrometer-03-8d203c3d.jpg,score=6
402,Spectrometer ¿?,skipped,,,,no instructables project_link
403,Speed of sound in a material measuring device PIEZO,skipped,,,,no instructables project_link
404,Steam engine,skipped,,,,no instructables project_link
405,Sun Boiler,no-match,https://www.instructables.com/Zonneboiler-DEF-Groep-35/,,,"23 candidates, none above threshold"
406,Swing carts,no-match,https://www.instructables.com/Slingkarretjes/,,,"19 candidates, none above threshold"
407,Thermal Expansion,skipped,,,,no instructables project_link
408,Thermal Pump,no-match,https://www.instructables.com/Thermische-Pomp-Groep-27/,,,"15 candidates, none above threshold"
409,Thermocouple with LCD display,downloaded,https://www.instructables.com/Thermokoppel-Met-LCD-Display/,https://www.instructables.com/Thermokoppel-Met-LCD-Display/#step4,data/media/thermocouple-with-lcd-display/thermocouple-with-lcd-display-01-a348c8bc.jpg,score=12
409,Thermocouple with LCD display,downloaded,https://www.instructables.com/Thermokoppel-Met-LCD-Display/,https://www.instructables.com/Thermokoppel-Met-LCD-Display/#step3,data/media/thermocouple-with-lcd-display/thermocouple-with-lcd-display-02-a4d11c8f.jpg,score=12
409,Thermocouple with LCD display,downloaded,https://www.instructables.com/Thermokoppel-Met-LCD-Display/,https://www.instructables.com/Thermokoppel-Met-LCD-Display/#step2,data/media/thermocouple-with-lcd-display/thermocouple-with-lcd-display-03-f96ffb61.jpg,score=12
410,Ultrasonic Communication,no-match,https://www.instructables.com/Ultrasone-Communicatie/,,,"15 candidates, none above threshold"
411,Vibrating saw - cast remover,skipped,,,,no instructables project_link
412,Water pressure Nutcracker,skipped,,,,no instructables project_link
413,Water Rocket,downloaded,https://www.instructables.com/Waterraket/,https://www.instructables.com/Waterraket/#step5,data/media/water-rocket/water-rocket-01-334dfc34.jpg,score=100
413,Water Rocket,downloaded,https://www.instructables.com/Waterraket/,https://www.instructables.com/Waterraket/#step4,data/media/water-rocket/water-rocket-02-8c253feb.jpg,score=100
413,Water Rocket,downloaded,https://www.instructables.com/Waterraket/,https://www.instructables.com/Waterraket/#step3,data/media/water-rocket/water-rocket-03-da74bb4f.jpg,score=100
414,Water Turbine Generator,downloaded,https://www.instructables.com/Water-Turbine-Generator/,https://www.instructables.com/Water-Turbine-Generator/#step4,data/media/water-turbine-generator/water-turbine-generator-01-73c40ae6.jpg,score=18
414,Water Turbine Generator,downloaded,https://www.instructables.com/Water-Turbine-Generator/,https://www.instructables.com/Water-Turbine-Generator/#step3,data/media/water-turbine-generator/water-turbine-generator-02-0081917d.jpg,score=18
414,Water Turbine Generator,downloaded,https://www.instructables.com/Water-Turbine-Generator/,https://www.instructables.com/Water-Turbine-Generator/#step2,data/media/water-turbine-generator/water-turbine-generator-03-10ba0af4.jpg,score=18
415,Water wheel that drives a ferry car,no-match,https://www.instructables.com/Waterrad-Dat-Een-Veerauto-Aandrijft/,,,"14 candidates, none above threshold"
416,Water Wheel x Dynamo,downloaded,https://www.instructables.com/Waterrad-Met-Dynamo/,https://www.instructables.com/Waterrad-Met-Dynamo/#step7,data/media/water-wheel-x-dynamo/water-wheel-x-dynamo-01-e6d80753.jpg,score=6
416,Water Wheel x Dynamo,downloaded,https://www.instructables.com/Waterrad-Met-Dynamo/,https://www.instructables.com/Waterrad-Met-Dynamo/#step6,data/media/water-wheel-x-dynamo/water-wheel-x-dynamo-02-b886f1ac.jpg,score=6
416,Water Wheel x Dynamo,downloaded,https://www.instructables.com/Waterrad-Met-Dynamo/,https://www.instructables.com/Waterrad-Met-Dynamo/#step5,data/media/water-wheel-x-dynamo/water-wheel-x-dynamo-03-247cc3d9.jpg,score=6
417,Wilberforce Pendulum + Live tracking,downloaded,https://www.instructables.com/Wilberforce-Pendulum-Live-tracking-DEF/,https://www.instructables.com/Wilberforce-Pendulum-Live-tracking-DEF/#step7,data/media/wilberforce-pendulum-live-tracking/wilberforce-pendulum-live-tracking-01-722b82df.jpg,score=24
417,Wilberforce Pendulum + Live tracking,downloaded,https://www.instructables.com/Wilberforce-Pendulum-Live-tracking-DEF/,https://www.instructables.com/Wilberforce-Pendulum-Live-tracking-DEF/#step6,data/media/wilberforce-pendulum-live-tracking/wilberforce-pendulum-live-tracking-02-6d85bdd6.jpg,score=24
417,Wilberforce Pendulum + Live tracking,downloaded,https://www.instructables.com/Wilberforce-Pendulum-Live-tracking-DEF/,https://www.instructables.com/Wilberforce-Pendulum-Live-tracking-DEF/#step5,data/media/wilberforce-pendulum-live-tracking/wilberforce-pendulum-live-tracking-03-a1c1818f.jpg,score=24
418,Windturbine,downloaded,https://www.instructables.com/Windturbine/,https://www.instructables.com/Windturbine/#step5,data/media/windturbine/windturbine-01-c1afd561.jpg,score=106
418,Windturbine,downloaded,https://www.instructables.com/Windturbine/,https://www.instructables.com/Windturbine/#step4,data/media/windturbine/windturbine-02-1294aee6.jpg,score=106
418,Windturbine,downloaded,https://www.instructables.com/Windturbine/,https://www.instructables.com/Windturbine/#step3,data/media/windturbine/windturbine-03-51f6a1ca.jpg,score=106
419,Wire detector,skipped,,,,no instructables project_link
420,Wireless communication between 2 Arduinos,downloaded,https://www.instructables.com/Draadloze-Communicatie-Tussen-Arduinos/,https://www.instructables.com/Draadloze-Communicatie-Tussen-Arduinos/#step7,data/media/wireless-communication-between-2-arduinos/wireless-communication-between-2-arduinos-01-7cd85c49.jpg,score=6
420,Wireless communication between 2 Arduinos,downloaded,https://www.instructables.com/Draadloze-Communicatie-Tussen-Arduinos/,https://www.instructables.com/Draadloze-Communicatie-Tussen-Arduinos/#step6,data/media/wireless-communication-between-2-arduinos/wireless-communication-between-2-arduinos-02-5de8cf0f.jpg,score=6
420,Wireless communication between 2 Arduinos,downloaded,https://www.instructables.com/Draadloze-Communicatie-Tussen-Arduinos/,https://www.instructables.com/Draadloze-Communicatie-Tussen-Arduinos/#step5,data/media/wireless-communication-between-2-arduinos/wireless-communication-between-2-arduinos-03-cfd99b44.jpg,score=6
